{"dl":{"0":259.2081604004,"1":256.7576293945,"2":249.9069824219,"3":241.2714691162,"4":243.9319915771,"5":238.5842132568,"6":257.7159423828,"7":200.5929718018,"8":213.313079834,"9":194.3572692871,"10":211.6018066406,"11":313.419708252,"12":307.2282104492,"13":289.4401855469,"14":283.7731933594,"15":307.4947509766,"16":284.6687927246,"17":155.8251342773,"18":117.7107391357,"19":109.1717758179,"20":130.2938995361,"21":142.3515472412,"22":125.8274383545,"23":231.2317657471}}