{"nl":{"0":0.0,"1":0.0,"2":0.0,"3":540.6448974609,"4":556.1918945312,"5":550.3677368164,"6":543.6634521484,"7":652.1265869141,"8":712.3040771484,"9":556.1276855469,"10":513.5602416992,"11":512.1042480469,"12":572.9984130859,"13":544.6644287109,"14":535.5318603516,"15":480.0780639648,"16":473.9891967773,"17":375.4952087402,"18":0.0,"19":0.0,"20":0.0,"21":0.0,"22":0.0,"23":0.0}}