{"nl":{"0":151.9012451172,"1":157.5155487061,"2":156.7459106445,"3":151.5133972168,"4":149.8075408936,"5":145.3559417725,"6":145.1815643311,"7":146.4625854492,"8":150.3590393066,"9":147.0071868896,"10":150.1860046387,"11":157.7431182861,"12":154.0296173096,"13":146.5668792725,"14":151.2367248535,"15":156.8559875488,"16":154.1371154785,"17":180.9757843018,"18":181.0487060547,"19":174.2385253906,"20":170.0185699463,"21":159.1989746094,"22":157.0920715332,"23":148.9336853027}}